{"source":"Mastodon Italian instances","collectionDate":"2026-01-10T18:59:22.77514+01:00","statisticsResults":{"Progressisti usano fondazioni implicite":{"significant":true,"pValue":7.208584329434409e-40,"details":{"n_progressive":682,"proportion":0.8533724340175953,"with_implicit":582,"without_implicit":100},"testStatistic":340.65102639296185},"Care: Progressisti vs Populisti":{"significant":true,"pValue":0.012586103286350386,"details":{"n_populist":402,"n_progressive":682,"sd_progressive":0.8518391254572252,"mean_populist":0.2885572139303483,"mean_progressive":0.37683284457478006,"sd_populist":0.57920610208153},"testStatistic":2.0259816968626043},"Authority: Progressisti vs Populisti":{"significant":true,"pValue":0.012654427385292486,"details":{"n_populist":402,"n_progressive":682,"sd_progressive":0.7214895961342479,"mean_populist":0.4253731343283582,"mean_progressive":0.5542521994134897,"sd_populist":0.9211577801521277},"testStatistic":2.404007934527276},"Loyalty: Progressisti vs Populisti":{"significant":true,"pValue":0.014036827017607601,"details":{"n_populist":402,"n_progressive":682,"sd_progressive":0.8103090917760098,"mean_populist":0.7686567164179104,"mean_progressive":0.3709677419354839,"sd_populist":1.1182961240273657},"testStatistic":-6.230898720940256},"Sanctity: Progressisti vs Populisti":{"significant":true,"pValue":0.012776170267948743,"details":{"n_populist":402,"n_progressive":682,"sd_progressive":0.9172028817305,"mean_populist":0.4427860696517413,"mean_progressive":0.6055718475073314,"sd_populist":0.849209812555545},"testStatistic":2.958546326410683},"Fairness: Progressisti vs Populisti":{"significant":true,"pValue":0.01280947945058689,"details":{"n_populist":402,"n_progressive":682,"sd_progressive":0.44301390501389126,"mean_populist":0.21641791044776118,"mean_progressive":0.12316715542521994,"sd_populist":0.4998045547962956},"testStatistic":-3.0926301087095505}},"corpusSummary":{"totalDocuments":2812,"progressive":682,"populist":402,"progressivesUsingImplicit":582,"progressivesImplicitBreakdown":{"Authority":378,"Sanctity":413,"Loyalty":253},"withMarkers":1239,"neutral":1573},"topMarkers":[["fascismo",171],["europa",114],["cura",113],["fascista",99],["resistenza",83],["studi",78],["nazione",72],["italiano",71],["sicurezza",65],["italiani",62],["gente",56],["comunità",55],["formazione",50],["movimento",49],["patria",47],["ordine",42],["una volta",41],["razzismo",36],["popolo",35],["sovranità",34],["onu",32],["informati",32],["solidarietà",31],["territorio",30],["cancel",29],["europeo",29],["valori",27],["sveglia",26],["merito",26],["neofascista",25],["le istituzioni",25],["capacità",24],["responsabilità",22],["rosso",21],["tasse",21],["i dati",21],["femminista",21],["costituzionale",20],["comunista",20],["antico",19],["identità",18],["sfruttamento",17],["sostegno",16],["accoglienza",16],["difendere",16],["vittime",16],["razzista",15],["attivista",15],["emergenza",15],["confini",15]],"metadata":{"lexiconSize":337,"filters":"minLength: 30, language: Italian","instances":["mastodon.uno","sociale.network","mastodon.bida.im"],"hashtags":["politica","italia","governo","parlamento","sinistra","pd","m5s","antifascismo","antifascista","diritti","diritticivili","ambiente","clima","femminismo","lgbtq","migranti","accoglienza","destra","lega","fdi","meloni","salvini","patrioti","sovranismo","sicurezza","immigrazione","europa","lavoro","sanità","scuola","università","economia","tasse"]},"name":"MFT-Mastodon-Italy-2025","foundationsByOrientation":{"populist":{"Sanctity":1.3692307692307693,"Authority":1.5132743362831858,"Fairness":1.1917808219178083,"Care":1.183673469387755,"Loyalty":1.4575471698113207},"progressive":{"Sanctity":1.5018181818181817,"Authority":1.1886792452830188,"Fairness":1.2727272727272727,"Care":1.4602272727272727,"Loyalty":1.3602150537634408}}}