{"source":"Reddit r/italy r/italia","collectionDate":"2026-01-10T19:14:16.113326+01:00","statisticsResults":{"Progressisti usano fondazioni implicite":{"significant":true,"pValue":2.0981306057921705e-45,"details":{"n_progressive":636,"proportion":0.9009433962264151,"with_implicit":573,"without_implicit":63},"testStatistic":408.9622641509434},"Care: Progressisti vs Populisti":{"significant":true,"pValue":0.012419626085046917,"details":{"n_populist":389,"n_progressive":636,"sd_progressive":0.7356797413415943,"mean_populist":0.38303341902313626,"mean_progressive":0.3789308176100629,"sd_populist":0.8463505960029332},"testStatistic":-0.07906604014918225},"Authority: Progressisti vs Populisti":{"significant":true,"pValue":0.014264872854696001,"details":{"n_populist":389,"n_progressive":636,"sd_progressive":1.0814087373092158,"mean_populist":0.41131105398457585,"mean_progressive":0.8081761006289309,"sd_populist":0.8677946799815588},"testStatistic":6.459578029438923},"Loyalty: Progressisti vs Populisti":{"significant":true,"pValue":0.01525566755956447,"details":{"n_populist":389,"n_progressive":636,"sd_progressive":1.0506652131791199,"mean_populist":1.0848329048843188,"mean_progressive":0.5062893081761006,"sd_populist":1.1777583483728304},"testStatistic":-7.945756658174559},"Sanctity: Progressisti vs Populisti":{"significant":true,"pValue":0.012501853657064918,"details":{"n_populist":389,"n_progressive":636,"sd_progressive":0.9159443722205687,"mean_populist":0.6580976863753213,"mean_progressive":0.7452830188679245,"sd_populist":1.0122026001917017},"testStatistic":1.3867051220665771},"Fairness: Progressisti vs Populisti":{"significant":true,"pValue":0.012761219439375887,"details":{"n_populist":389,"n_progressive":636,"sd_progressive":0.5553234134247782,"mean_populist":0.31876606683804626,"mean_progressive":0.1949685534591195,"sd_populist":0.7503830769310685},"testStatistic":-2.816218663723369}},"corpusSummary":{"totalDocuments":1977,"progressive":636,"populist":389,"progressivesUsingImplicit":573,"progressivesImplicitBreakdown":{"Authority":514,"Sanctity":474,"Loyalty":322},"withMarkers":1168,"neutral":809},"topMarkers":[["europa",210],["fascismo",184],["italiani",162],["italiano",157],["lgbt",104],["razzismo",102],["cura",102],["gente",101],["fascista",71],["studi",67],["sicurezza",62],["nazione",59],["i dati",58],["cancel",53],["formazione",52],["tasse",50],["popolo",50],["europeo",48],["una volta",45],["movimento",45],["esperienza",44],["merito",42],["onu",40],["ordine",39],["valori",37],["informati",35],["comunità",32],["identità",28],["rosso",27],["coalizione",27],["cancellare",26],["sveglia",24],["sostegno",24],["la realtà",24],["responsabilità",22],["territorio",22],["capacità",22],["supporto",22],["vittime",22],["accesso",21],["patria",21],["la costituzione",20],["costituzionale",20],["comunista",20],["diritti umani",20],["tradizione",18],["difendere",17],["razzista",16],["censura",15],["emergenza",14]],"metadata":{"subreddits":["italy","italia"],"lexiconSize":337,"queries":["politica","governo","meloni","salvini","pd","sinistra","destra","fascismo","antifascismo","immigrazione","europa","elezioni","razzismo"]},"name":"MFT-Reddit-Italy-2025","foundationsByOrientation":{"populist":{"Sanctity":1.5802469135802468,"Authority":1.5238095238095237,"Fairness":1.441860465116279,"Care":1.4607843137254901,"Loyalty":1.6168582375478928},"progressive":{"Sanctity":1.4407294832826747,"Authority":1.5207100591715976,"Fairness":1.3333333333333333,"Care":1.3388888888888888,"Loyalty":1.8830409356725146}}}